46;SymbolBackgroundLowGuildArenaScrapyard
168;SymbolEmoticonBitmapsStars
170;SymbolEmoticonBitmapsStrength
22;SymbolBackgroundLowDungeon5
19;SymbolBackgroundLowDungeon4
28;SymbolBackgroundLowDungeon7
25;SymbolBackgroundLowDungeon6
134;SymbolEmoticonBitmapsEnergy
34;SymbolBackgroundLowDungeon9
31;SymbolBackgroundLowDungeon8
7;SymbolBackgroundLowDuels
120;SymbolEmoticonBitmapsClown
10;SymbolBackgroundLowDungeon1
142;SymbolEmoticonBitmapsHerozero
172;SymbolEmoticonBitmapsTime
176;SymbolEmoticonBitmapsWinking
16;SymbolBackgroundLowDungeon3
123;SymbolEmoticonBitmapsConfused
13;SymbolBackgroundLowDungeon2
76;SymbolBackgroundLowLocation2
109;SymbolBackgroundLowWMShop
61;SymbolBackgroundLowLocation1
177;SymbolEmoticonBitmapsXp
128;SymbolEmoticonBitmapsDefense
122;SymbolEmoticonBitmapsCold
138;SymbolEmoticonBitmapsGhost
175;SymbolEmoticonBitmapsWave
171;SymbolEmoticonBitmapsSun
88;SymbolBackgroundLowLocation6
85;SymbolBackgroundLowLocation5
82;SymbolBackgroundLowLocation4
140;SymbolEmoticonBitmapsGuildhonor
79;SymbolBackgroundLowLocation3
97;SymbolBackgroundLowLocation9
94;SymbolBackgroundLowLocation8
158;SymbolEmoticonBitmapsPoo
91;SymbolBackgroundLowLocation7
173;SymbolEmoticonBitmapsTongue
111;SymbolEmoticonBitmapsAngry
162;SymbolEmoticonBitmapsShy
154;SymbolEmoticonBitmapsNottalking
160;SymbolEmoticonBitmapsRaining
100;SymbolBackgroundLowShop
121;SymbolEmoticonBitmapsCoin
125;SymbolEmoticonBitmapsCriticalrating
135;SymbolEmoticonBitmapsEvil
143;SymbolEmoticonBitmapsHonor
131;SymbolEmoticonBitmapsDonttell
3;SymbolBackgroundLowCharacter
64;SymbolBackgroundLowLocation10
67;SymbolBackgroundLowLocation11
137;SymbolEmoticonBitmapsFlower
70;SymbolBackgroundLowLocation12
73;SymbolBackgroundLowLocation13
157;SymbolEmoticonBitmapsPiggy
193;SymbolPreloader
112;SymbolEmoticonBitmapsAttack
133;SymbolEmoticonBitmapsDrink
116;SymbolEmoticonBitmapsBomb
141;SymbolEmoticonBitmapsHeart
148;SymbolEmoticonBitmapsMail
49;SymbolBackgroundLowGuildArenaSubway
174;SymbolEmoticonBitmapsTraining
55;SymbolBackgroundLowHideout
166;SymbolEmoticonBitmapsSpeechless
129;SymbolEmoticonBitmapsDodgerating
52;SymbolBackgroundLowGuildArenaWallmart
145;SymbolEmoticonBitmapsLaughing
153;SymbolEmoticonBitmapsNinja
136;SymbolEmoticonBitmapsFemale
124;SymbolEmoticonBitmapsCool
167;SymbolEmoticonBitmapsStamina
144;SymbolEmoticonBitmapsKiss
163;SymbolEmoticonBitmapsSilly
146;SymbolEmoticonBitmapsLevel
127;SymbolEmoticonBitmapsDead
190;PreloaderSymbolUiFontHeadline
119;SymbolEmoticonBitmapsCat
161;SymbolEmoticonBitmapsSad
178;SymbolEmoticonBitmapsZombie
110;SymbolEmoticonBitmapsAngel
58;SymbolBackgroundLowLeague
113;SymbolEmoticonBitmapsBaloon
147;SymbolEmoticonBitmapsLove
159;SymbolEmoticonBitmapsRainbow
155;SymbolEmoticonBitmapsNpcbattle
165;SymbolEmoticonBitmapsSmug
106;SymbolBackgroundLowTraining
130;SymbolEmoticonBitmapsDog
115;SymbolEmoticonBitmapsBirthday
169;SymbolEmoticonBitmapsStatpoint
126;SymbolEmoticonBitmapsCrying
151;SymbolEmoticonBitmapsMoon
156;SymbolEmoticonBitmapsPhone
164;SymbolEmoticonBitmapsSmile
150;SymbolEmoticonBitmapsMelon
117;SymbolEmoticonBitmapsBooster
37;SymbolBackgroundLowDungeons
149;SymbolEmoticonBitmapsMale
132;SymbolEmoticonBitmapsDonut
114;SymbolEmoticonBitmapsBiggrin
152;SymbolEmoticonBitmapsNerd
118;SymbolEmoticonBitmapsBrokenheart
43;SymbolBackgroundLowGuildArenaRoof
40;SymbolBackgroundLowGuild
103;SymbolBackgroundLowSlotmachine
139;SymbolEmoticonBitmapsGift
0;com.playata.application.WebPreloader
217;SymbolDungeon7Path
212;SymbolDungeon2Path
197;xp_png$2924185cb5bfd1d4b82382f1add772421682522716
215;SymbolDungeon5Path
200;zeronit_png$6384a9b31b6c8e8dbccbf4b13e2852d61967121955
214;SymbolDungeon4Path
199;glue_png$a8c09b7b7019e3f596324d632d45709f-483531583
219;SymbolDungeon9Path
201;idle_png$40ff67c33b299255a0c29bdee55066c0-1972993312
204;SymbolDungeonPathStep
211;SymbolDungeon1Path
218;SymbolDungeon8Path
209;SymbolDungeonPathCheckMark
213;SymbolDungeon3Path
195;bots_png$f9132eda2cc32f40893397d56e8b7d131632564731
196;bots_atlas$28a3155c7ee9c6fafb52a158fbc912de-730076526
216;SymbolDungeon6Path
198;coins_png$b9b63c3f5a62f759b6b015147d93e720739989516
210;SymbolDungeonPathCheckPoint
194;bots_json$887adad170c94b8ad69361af6b9723e61835359505
